,Lasso regression,Random Forest,Ridge regression,SVM,polynomial regression
MSE,620508.5624713248,337483353.31840754,34450.27779295445,118308567305.9977,861738746.9752375
